"118w -- Income and income structure of household-dwelling units by region, 1995-2024"

"Region","6. GROSS INCOME, mean 1995","6. GROSS INCOME, mean 1996","6. GROSS INCOME, mean 1997","6. GROSS INCOME, mean 1998","6. GROSS INCOME, mean 1999","6. GROSS INCOME, mean 2000","6. GROSS INCOME, mean 2001","6. GROSS INCOME, mean 2002","6. GROSS INCOME, mean 2003","6. GROSS INCOME, mean 2004","6. GROSS INCOME, mean 2005","6. GROSS INCOME, mean 2006","6. GROSS INCOME, mean 2007","6. GROSS INCOME, mean 2008","6. GROSS INCOME, mean 2009","6. GROSS INCOME, mean 2010","6. GROSS INCOME, mean 2011","6. GROSS INCOME, mean 2012","6. GROSS INCOME, mean 2013","6. GROSS INCOME, mean 2014","6. GROSS INCOME, mean 2015","6. GROSS INCOME, mean 2016","6. GROSS INCOME, mean 2017","6. GROSS INCOME, mean 2018","6. GROSS INCOME, mean 2019","6. GROSS INCOME, mean 2020","6. GROSS INCOME, mean 2021","6. GROSS INCOME, mean 2022","6. GROSS INCOME, mean 2023","6. GROSS INCOME, mean 2024"
"WHOLE COUNTRY",48458,49132,50505,52003,54052,55312,54390,54936,55866,58038,59025,60362,62340,61567,61114,62629,62809,62159,62708,62790,63622,63824,64387,65261,65624,65560,67502,64550,62454,63605
"Akaa",44055,44209,45057,46595,47377,48237,49089,49677,50584,53097,54885,55805,57872,57546,57932,58312,59471,59309,59801,59835,60204,60369,60358,61442,61592,61728,63043,61492,59744,62434
"Alajärvi",44975,45523,47433,48181,49255,49917,49096,49855,51619,53402,54570,55620,57524,57426,56734,58277,60079,57229,57277,57632,58009,58112,59120,60258,60482,60149,61579,59644,57148,58682
"Alavieska",42823,43377,43710,43458,44841,45997,46567,47401,50006,53189,52969,53580,54535,54006,53636,55569,55485,56122,55642,57568,57258,56968,58495,61910,61462,63889,64428,61989,62762,59608
"Alavus",44479,44103,45742,47396,47240,47847,47528,48701,49281,51590,52338,52533,54387,54074,53909,54767,54653,53782,54462,54860,54927,55263,55841,56596,57071,58318,58474,56606,54630,56689
"Asikkala",52820,47364,52912,49790,51609,51762,51340,52575,53122,54464,56569,57974,59612,58871,57660,59200,59818,58906,58161,59145,58474,58832,59877,60992,61611,62013,64063,61868,59131,59857
"Askola",52236,52943,55289,57897,58841,61320,60651,61350,62869,65761,68512,69094,72166,70891,70221,71461,73320,71871,71928,74382,73488,72883,80410,73813,74874,75391,77044,73960,73436,73853
"Aura",49162,49887,51474,52499,52780,53354,53801,55644,58032,59180,61327,62440,62602,64577,63562,64044,64207,63879,63491,63244,63696,65015,64771,65124,66411,67299,70363,64911,62750,64103
"Brändö",52486,52122,53105,55011,59200,59636,59298,59609,61171,68232,68183,67874,70655,74606,75832,73540,74333,71870,74764,84161,76213,77523,74693,72101,78220,81661,89139,88937,78829,80952
"Eckerö",51245,50645,54016,54379,58478,60432,58884,61357,60727,67971,66159,67461,67434,65232,61708,65396,65649,64126,62631,64158,65638,65970,67917,66669,69352,66658,70324,65938,63129,69563
"Enonkoski",44502,42520,44110,43594,44571,44037,43788,44308,45622,46902,46929,49246,52346,51850,50373,52062,51463,49977,51160,52162,52939,52739,52596,54273,54792,52167,55078,53481,53316,54046
"Enontekiö",42941,43796,43887,43582,43172,42152,42513,42684,44004,45357,46987,47171,47641,47956,48363,49132,50199,51691,52076,52853,54458,54860,57234,57541,57598,57826,57673,55952,56065,58412
"Espoo",66315,67761,71083,75418,85204,91877,83795,82191,81731,84549,86471,89089,94124,90449,89106,91100,91435,89100,92246,89516,92732,91867,93056,93264,93254,92698,96093,90520,85911,86822
"Eura",47264,47756,50147,50676,51169,51288,51525,52415,53557,55705,55805,57018,58415,58927,59145,59841,59564,59466,59923,60559,60599,60821,62136,62464,63817,63822,64046,61882,60730,61592
"Eurajoki",50111,50330,52251,53569,54165,54638,53834,54965,55969,58859,60120,60529,62847,63775,64134,66154,66571,66153,66616,66279,66324,68756,68923,70090,70561,71865,74128,80247,68256,70862
"Evijärvi",46898,47875,48888,49653,48844,50334,51008,52599,54717,55681,56359,57840,60715,58024,57714,58390,59640,59368,61932,62365,62383,62407,62845,62099,62210,61019,62942,61028,58928,59818
"Finström",59513,62466,65105,66236,71947,72248,68246,72238,76297,78855,82690,73897,76782,71991,71036,76431,70876,71304,71880,71808,71946,72139,73712,72682,73945,75604,76048,73105,69762,72400
"Forssa",42045,42771,43352,43869,45464,44905,45526,46875,47227,48780,49069,49892,51028,50269,49839,50704,50180,50640,50364,50441,50991,51289,51278,51520,51759,51541,52788,50071,48741,49290
"Föglö",48205,50389,51625,53677,56929,61738,59177,60516,59713,69901,69744,135576,75904,63976,69252,79877,69663,61518,67945,72533,71064,68059,65150,66197,67586,67699,71458,68080,69928,76279
"Geta",42121,44802,44789,46885,51165,55978,53433,53462,54710,55232,54864,55917,58249,58847,59810,61571,63542,59173,58033,57503,60026,61162,60549,61994,60605,59920,61598,60112,61798,62225
"Haapajärvi",45474,45527,46157,46678,47577,48735,49045,48553,50071,52023,53006,53650,58397,54118,54038,55807,55935,55352,55071,55676,55156,55535,56149,57714,56848,58312,60271,58059,55293,55154
"Haapavesi",46167,46005,47570,48546,48382,48791,49531,50197,51944,53870,55055,54567,56338,55913,54934,56732,56647,55759,56330,56906,56433,56081,56728,57717,58235,58324,59561,57455,56476,57599
"Hailuoto",46426,46750,48299,49192,49978,52831,52766,53853,55553,56098,56901,55806,56030,57997,57504,57754,58131,56833,57365,59240,57470,59624,60407,62201,59334,62510,63689,59598,57036,61516
"Halsua",44317,44959,45604,47428,47428,48884,50034,53566,54487,55035,55520,56614,58348,58177,57696,60172,59381,58383,60593,60269,58729,56976,57271,58741,58456,58231,58333,56065,54904,56523
"Hamina",49688,50616,51232,51878,52429,52075,52320,53257,54838,56697,56870,57691,58733,58893,56357,57447,57572,56880,56929,56583,57297,57568,57418,58172,59147,60245,60350,57570,56208,57561
"Hammarland",49788,52059,54394,56737,62419,62111,61681,64280,65067,66563,68334,66888,70113,67971,69566,69682,70007,70100,68521,68884,69659,68422,68889,68723,73471,70210,74254,70264,67912,71386
"Hankasalmi",41265,41336,43237,43055,44299,44554,44146,45006,45754,47286,48114,48656,50465,50079,49664,51569,51295,50897,51539,52048,51852,52642,53071,53985,53977,54298,55671,54381,52927,53876
"Hanko",49438,50206,51147,52479,53974,54389,54057,54847,56381,57908,59485,61307,62702,61385,59942,60799,60118,59422,58918,59970,59669,59742,60355,62548,62011,62739,68975,61867,61407,61604
"Harjavalta",48334,48935,49965,49860,49916,49957,50350,50047,50988,52365,53712,53851,54646,54136,54335,55344,55684,54512,54858,54662,55194,55790,55825,55881,57679,56476,58109,54884,54399,54037
"Hartola",40241,38949,40180,40747,41821,41221,41308,41723,42985,43198,45396,45185,46759,46354,46234,47981,46790,46630,47444,47929,46556,47089,47844,48687,54682,49660,51676,50252,47613,48632
"Hattula",51143,51906,53527,54584,56652,57179,56244,57323,59392,62145,64593,66349,67805,66228,67182,69537,68438,68363,69361,69420,69832,71265,71355,70341,71535,70971,73336,70260,69197,69917
"Hausjärvi",50178,50089,52336,53566,56039,58215,56833,59181,60500,62541,64617,64273,66883,66419,65443,67879,68082,68028,68222,68558,68947,69120,69533,70162,90649,69921,70158,67949,68409,67177
"Heinola",46032,46380,46894,48138,48170,48933,49644,49127,49961,51443,52148,53215,54844,53752,52620,53671,53428,52436,52738,53186,53067,53073,53029,53634,54390,53850,55206,52520,50649,51683
"Heinävesi",42434,41168,42522,44236,44639,44649,44837,44871,46520,48602,48572,53611,50022,49193,47703,48735,48849,48497,48872,48815,52554,50586,49809,51733,50031,50436,52407,49792,48663,49902
"Helsinki",50875,51919,54126,56952,61659,64670,61770,61663,62414,65226,65897,67448,70193,68380,67824,69990,70337,69156,70676,70450,72687,73056,74586,76427,76836,76755,80436,76900,73207,74342
"Hirvensalmi",37034,37597,39004,40040,39979,41647,40527,41671,43911,46276,48668,49518,51949,48831,48330,49577,48901,50367,51406,51601,52185,55141,54276,56795,56150,57231,59089,55695,54429,57056
"Hollola",50783,51566,53533,54601,55480,57150,56628,57530,59300,61312,62838,64847,66744,65936,64956,67105,71841,66737,67849,66213,66631,67319,68292,68775,70207,69278,71088,68071,66549,67709
"Huittinen",44241,42950,44746,45364,46017,46136,45309,46511,47136,49415,50490,51315,52506,51224,52225,53337,53581,54400,53833,53644,54539,54765,55991,55403,56062,56621,58181,55012,53377,54720
"Humppila",43154,41964,42820,44578,46035,45486,46196,48075,47564,49165,51111,51357,52260,52902,51176,53191,53647,55460,53234,54547,54344,54490,55756,56613,55535,59302,57787,55139,57503,55079
"Hyrynsalmi",42792,41949,42036,41838,41948,41207,40650,40983,42180,43842,44197,43700,45582,45706,46160,46436,47749,47375,47760,48584,47710,49597,48974,52658,50528,49895,50309,49841,48345,49101
"Hyvinkää",49899,50543,51918,53293,54695,55939,56189,57674,58113,60731,62611,62788,64335,64105,64257,65063,65748,65373,65123,65201,66127,65976,66531,66795,67751,67411,68528,65707,64224,65647
"Hämeenkyrö",47203,47129,49058,50861,55254,52540,69919,52233,53708,55266,56839,57288,59705,59928,58050,60256,60791,60971,61003,60651,61403,61811,63136,63601,63868,63699,65741,63514,61347,61776
"Hämeenlinna",45604,46032,46992,48046,49409,49361,49925,50639,52047,53863,55307,57311,58877,58062,58195,59342,59384,59299,59901,60147,59986,60036,60905,60891,61112,61126,61933,59492,58475,59624
"Ii",44845,45077,45456,46291,47253,48237,48855,49813,51808,52759,54508,55837,57718,57562,57230,59267,59258,59276,59332,59858,60196,61120,61791,63418,64809,65523,65954,64056,62663,63264
"Iisalmi",44474,45436,46177,46594,47391,47391,46805,47490,49095,50582,50701,51570,54020,53005,52191,53890,54817,53928,54812,54597,54682,55103,55693,56522,56740,56422,57511,55736,53768,54667
"Iitti",44633,43950,45282,46097,46111,48070,46124,46918,47712,50666,51657,51995,54899,53775,53743,55204,54821,54858,55210,55459,55797,55449,57581,56594,57085,56666,58490,55626,54254,55653
"Ikaalinen",44096,44154,45984,46372,47906,47787,46900,47818,48935,50606,51754,51840,53750,53279,52571,54081,54263,54285,54066,54101,53627,54673,54881,55638,55145,55047,56183,54050,53125,53353
"Ilmajoki",48221,47871,48770,50864,50865,51820,52071,53332,54799,56692,59164,59369,61035,62526,62201,63413,64230,63940,63962,64552,64292,65246,65106,65718,66235,66853,71257,65332,63731,66475
"Ilomantsi",40074,40214,41189,41070,41750,41262,40894,41399,41848,42423,43426,43049,44801,44912,44749,46324,45703,45935,47201,46853,47331,47871,47381,48058,47621,48062,48732,46936,45498,46269
"Imatra",46331,47603,47852,49067,49148,50028,49936,49808,50874,51510,51343,52332,53506,53143,53187,53868,54147,53907,53868,54390,54729,54162,54239,54426,54738,54462,55077,52882,51640,52072
"Inari",48365,47984,47716,48033,49202,49008,48944,48793,50167,51978,52277,53264,53834,53589,54391,54427,55304,54832,55932,55097,58948,58946,60234,60997,61917,61315,62158,60488,60336,63186
"Ingĺ",54316,55183,57813,60981,67065,69178,67804,69793,71459,72738,74993,75942,79139,76371,74445,79877,77149,75442,77660,76591,77978,76846,79299,78307,80881,78994,84279,79977,76009,79348
"Isojoki",37217,37521,38481,40103,41566,42096,42568,44251,46413,47284,48529,48065,51793,50634,51122,50696,51303,51224,51447,52401,52576,53747,53934,53470,55275,54557,56809,55612,55010,55585
"Isokyrö",45922,46058,47193,48291,49536,50375,51270,51408,51613,53780,54822,56582,59254,58448,57962,58615,58726,58621,59050,60555,59880,60576,59715,59787,60519,61991,63228,60526,59481,60719
"Janakkala",48709,48946,50245,51357,53236,52609,53084,54157,54951,56958,57765,59534,60783,60636,60788,62263,62920,62379,62856,62832,63556,64632,64895,64702,65195,64650,66233,64928,63178,63654
"Joensuu",43636,43372,43915,44655,45472,45944,45567,45974,47113,48847,50385,49804,51196,51128,50796,52106,52357,51672,52103,52211,52342,52393,52330,52889,52963,53135,54205,51654,50039,51389
"Jokioinen",49063,50042,51663,51615,56595,53339,53646,54382,56067,57920,59716,60907,62045,62814,60097,61612,62299,62235,61653,62166,61602,62032,62889,62990,64395,64560,64937,62585,60487,61476
"Jomala",59664,61398,63778,67474,73900,73571,72336,72048,73465,80232,77995,78404,79153,80071,81018,83006,82251,81662,84209,83367,85256,86893,86558,86453,93514,87518,88890,85165,82453,86354
"Joroinen",45901,46128,48581,48894,49600,50035,56048,50423,51470,52724,53831,54275,57477,55654,55153,58082,57075,56034,56487,56928,57640,57364,57859,58765,59202,59724,60627,60152,56875,58865
"Joutsa",39434,38759,40371,40870,41514,41892,41563,42921,44242,44955,46028,46395,48306,47897,47615,48487,48952,48480,49241,48683,48592,49107,50243,51135,50464,50622,52242,50259,48733,49477
"Juuka",40852,39761,41124,42064,42458,42429,42479,42613,43340,44900,45523,46852,47558,47208,45334,46210,47050,45150,46475,46549,46050,46537,46407,47565,46540,46770,47512,45978,45347,46454
"Juupajoki",47676,46801,50018,52641,53232,53674,54446,49600,51378,53786,71763,55485,57367,56405,55774,57512,55686,57133,58028,58036,59022,59150,60420,61144,60558,65505,66450,63332,62416,62837
"Juva",44178,43302,45674,45421,45915,46329,45838,46820,47499,48661,49528,49888,52500,51457,50297,51441,51848,51066,51942,52364,52219,52780,53690,53441,54037,53015,54802,54048,52509,53542
"Jyväskylä",45752,46272,47239,48406,48961,49352,49068,49720,50595,52186,52949,53774,54959,54975,55297,56506,55969,55399,55616,56049,56216,56449,57161,57870,57191,57432,58410,55567,53379,54730
"Jämijärvi",42971,42807,45197,44802,45487,44908,45398,47414,48679,50361,52219,52276,54954,54919,53263,54338,55845,55256,54215,55341,54010,54709,55019,56601,55806,54918,57404,55578,56620,56208
"Jämsä",48304,48810,50170,51158,51684,51990,52621,52962,53773,55454,55381,56757,58277,57132,56050,56938,56765,56390,56633,56814,57088,57209,57208,58307,58466,57517,58312,55555,54333,55007
"Järvenpää",54451,55533,57440,59527,61781,63398,62931,63554,64327,66691,67948,68930,70591,70451,70454,72955,71526,70966,71135,70586,70910,71098,70637,70891,71590,70898,71742,68906,66940,66922
"Kaarina",56162,57440,58713,61171,63078,65006,64225,65046,67032,71657,71312,76210,74395,74901,74390,75657,76566,76586,76776,75187,77984,79988,79379,83063,80231,79598,83815,77225,76424,79276
"Kaavi",39669,40096,40382,40947,41011,40451,40487,41703,42110,43436,44762,44878,46106,45340,44815,45706,47001,45712,46496,46514,46425,47076,47526,48960,49115,49844,50285,48570,48144,49463
"Kajaani",47469,47733,47842,48639,48509,48782,48432,48528,50196,51318,51574,52650,54357,54819,54213,54886,55893,54596,54809,54934,55464,55657,55973,56736,57873,57653,58425,55780,55589,56058
"Kalajoki",46715,47486,48277,49019,49578,51685,52427,53393,54023,55318,55996,57754,58552,60424,57967,60281,61341,60580,60586,61658,61218,60822,61331,61882,62939,61975,63905,62800,59656,60889
"Kangasala",51582,52694,54007,57000,57167,58122,58683,60678,61926,64668,66042,67190,70639,68892,68084,69907,71672,69634,69467,69445,70824,71251,71399,73170,74320,73447,75016,71656,69772,70471
"Kangasniemi",42190,41654,43370,43769,43587,42837,42763,44772,44696,46607,48272,47320,53129,48060,48075,49346,49410,50507,51226,51130,51442,52037,51158,53468,53223,52584,55446,53686,51891,54428
"Kankaanpää",43984,44305,45482,45450,46702,46116,46525,47311,48630,50334,51395,51333,54591,52557,52378,54090,53336,52835,53417,53601,55421,53801,54080,54644,54713,55014,55968,54119,53129,52626
"Kannonkoski",38512,39475,39836,40540,40846,42298,41388,43583,43253,44071,45067,47398,48779,47228,48012,50548,49382,48878,48653,49063,48262,49101,50170,49465,50979,51195,53484,50028,49177,49424
"Kannus",48786,48606,50199,50757,51752,52408,52420,53337,56122,57870,57801,60919,63069,59375,58670,59756,59690,59933,60286,61346,59468,59378,58806,59679,60138,61184,62863,59893,57936,59295
"Karijoki",39487,40050,40824,42269,42123,43937,43885,45623,46793,48642,48672,48835,52013,51972,51224,51675,53496,51631,51668,50952,51290,53040,53157,53271,52997,52071,53521,51571,50208,51510
"Karkkila",45169,46163,46984,49002,50283,51285,51178,51972,52942,54889,57616,57672,60334,58755,58042,58950,58967,59479,58956,58894,59045,59505,59984,60058,59165,59590,60763,58192,56397,57558
"Karstula",43701,44061,46302,46970,46894,47017,47115,47807,49284,49837,51142,50278,52163,51683,51007,53225,52701,52056,52219,52154,53238,53254,53229,53442,54613,54828,56019,54036,52040,52918
"Karvia",41700,39921,41790,41900,41300,42884,41952,43604,44724,46564,46884,48074,49059,50671,49913,52761,50371,49188,49561,50236,48622,49764,50272,51069,52352,53277,53475,52516,51038,52115
"Kaskinen",53796,54269,55884,60153,58061,57594,56563,60153,61023,64116,64618,66407,68076,65816,64499,60714,59550,59333,59054,59758,58324,58099,60295,62007,58206,57135,57092,54569,53518,55907
"Kauhajoki",43245,42638,44354,45181,45200,45976,46026,47428,49094,50616,51358,52204,54926,56109,54389,55349,55353,55236,55151,54799,54789,56125,55977,56187,56897,56894,70030,56013,54711,54325
"Kauhava",46692,47570,48407,49662,50963,50843,51133,70357,53315,54494,55347,56543,57786,57609,57177,59154,59493,58907,59472,59251,58674,58658,58536,59433,60957,59207,61065,58485,56858,57551
"Kauniainen",100023,103884,112890,122036,152574,171064,142490,146918,142472,152019,148206,160083,173492,162813,147632,156300,164489,153474,164957,152496,160181,181762,162647,166835,161617,160802,173405,169817,152482,163568
"Kaustinen",51529,51272,51629,51346,51218,53614,54421,55521,56030,58231,59323,63454,61792,60867,60367,62972,62152,62376,64651,63361,63707,62257,63110,63625,63957,62697,64773,60803,60314,60649
"Keitele",42799,43226,44081,45366,46474,46879,46113,47553,48426,51243,49885,50171,53372,52770,50815,53031,52679,51964,52892,52873,52777,53191,52389,54867,55052,54017,57180,72536,49996,51334
"Kemi",46200,46529,46295,46183,46152,45932,46229,47383,48313,49509,49151,50039,50295,50404,50075,51217,51627,51572,51676,51594,52236,52138,52125,52851,53267,53580,53947,52044,50716,51160
"Kemijärvi",47045,47042,48084,47353,51528,48576,47554,47384,47465,48048,48346,49351,50610,49892,49230,49708,50577,49677,50444,50411,51022,50887,51075,51110,52118,51973,52835,50446,49165,50100
"Keminmaa",53793,54784,54711,54958,56095,55768,56019,57689,58435,63613,61347,62441,63349,62245,62367,64122,64411,65792,65260,65342,65354,65913,65950,66419,67623,68321,69380,66604,66447,66404
"Kimitoön",42849,44228,45610,45839,48018,47598,48803,48831,50584,53404,53712,53928,56062,56927,54546,56193,55826,55870,54544,55098,55502,55307,55936,56329,56882,58060,60196,57660,56145,58506
"Kempele",59284,66531,65619,67934,68419,71443,68831,68304,70380,72342,73735,73490,74185,74124,72913,73687,72914,72991,74143,72434,73099,74143,75774,75607,77411,79629,81280,76116,75011,76083
"Kerava",55003,56213,57877,59927,63723,64245,63058,63345,63282,65399,66275,67624,69368,68617,68391,68975,68853,68341,68475,67079,67463,68036,67600,67173,67548,66786,67810,64419,62449,63094
"Keuruu",44070,44671,46049,46734,47235,47664,47022,47919,48760,50817,50309,50876,52790,52203,52326,54024,52953,52333,52755,53255,53123,54241,54200,53930,54895,54686,55459,52516,53278,51893
"Kihniö",42581,43347,44441,45553,45934,45898,45378,46563,47039,49618,51026,50328,53408,52707,51932,52359,53588,52216,52293,52988,53914,52827,52217,53701,54831,53991,55875,53263,53036,54195
"Kinnula",42849,43019,44274,44727,45218,46021,44437,45482,46644,48325,49555,49605,52242,51627,52182,52642,52589,51347,51990,53336,52820,54688,53547,53052,52916,55407,54521,52903,51583,52381
"Kirkkonummi",62564,64690,66355,70659,75331,78977,77177,76284,77925,82272,83398,86691,90206,87169,86847,90090,88934,88161,87546,88541,89509,89022,89845,89454,90237,89092,94999,87827,83754,85217
"Kitee",44040,43842,44531,45239,45469,46312,45447,45295,46707,47959,48786,49589,51019,49764,49131,50099,50577,49740,50485,51994,50705,51239,51004,51568,51934,51473,51964,49577,48183,49842
"Kittilä",43470,43563,43915,44707,45090,44325,44117,45238,45944,48422,49347,49954,52404,52493,54063,56157,56464,56900,57229,57306,57628,59368,60518,61645,62435,62549,62864,63195,62471,64679
"Kiuruvesi",41759,41226,41697,41886,42411,42585,42379,43854,44579,45458,46032,46566,47829,48612,47887,49992,49205,49304,49408,50062,49758,50431,51203,53713,52053,51889,53373,50954,50785,51284
"Kivijärvi",40233,40530,41592,40935,40642,41940,41165,42633,43763,43821,44690,44379,44855,44393,45342,47459,46733,47351,47548,48432,48485,48733,48424,47468,47537,49450,50185,47688,46747,47275
"Kokemäki",44757,44709,45734,46490,47187,47751,47357,48557,49193,53431,51931,52271,53337,52596,52590,53340,53552,54562,53883,54204,54245,54362,54960,54883,55274,55033,55693,54081,53429,53834
"Kokkola",49532,49906,50634,51019,51932,52032,52180,53323,54369,56652,57482,59822,62047,61103,59981,61867,62200,61615,62124,62437,62801,62657,63451,63588,63982,65048,66188,63718,61665,63103
"Kolari",44869,44216,44723,44336,44532,45612,45658,46695,48117,50299,50627,52039,53644,53527,54786,56476,55690,55933,57275,55311,56153,56257,57284,57379,58368,59535,59882,60473,56823,58614
"Konnevesi",44267,43798,45978,46931,47285,48811,47895,48213,48857,51289,51789,51031,54097,52661,51218,61464,56577,54016,53627,53622,54394,54704,54194,54534,55867,54854,56507,53716,52743,54493
"Kontiolahti",49626,49507,52123,52391,54161,54983,55610,56684,59006,63304,62952,62843,66839,63598,64355,66182,67870,65548,66440,66897,67571,67978,67948,69441,70563,70609,73254,70672,67908,71434
"Korsnäs",46647,52029,48589,49737,50404,55376,53309,55131,54400,56986,56491,59464,59579,59388,57772,61038,63768,64306,66892,62655,63595,63188,63492,63241,63017,64923,65703,62023,59893,61213
"Koski Tl",44415,43429,47541,46865,47223,47144,46130,48002,47860,50114,51445,50742,51644,51576,51724,52885,50830,53698,53562,54683,55673,55028,54695,55151,56045,56358,56806,59772,54353,55431
"Kotka",46116,47016,47514,47819,48050,48147,48764,48978,50377,52063,52861,54863,55392,54810,54310,55460,54740,54239,54443,54271,54811,54928,54583,55587,56171,56431,57139,54982,53481,54832
"Kouvola",48198,48416,49389,50257,50963,50893,51352,51934,52726,55009,54992,55959,56782,56106,56013,56864,56497,56181,56266,56518,56770,56734,57074,57528,57952,57850,58682,56019,54815,55983
"Kristinestad",45106,45701,46171,47732,49825,48884,48551,49367,50849,52893,53588,54202,56022,55819,55327,56628,55867,55359,56450,57158,56828,58219,57876,60764,60127,60884,61664,59378,57935,58809
"Kronoby",50381,50956,51959,53588,55278,56506,56715,63315,60234,62929,64131,66763,67060,67949,66987,69013,69813,69917,71363,69969,70498,70587,70304,70890,72254,74281,77443,73189,69561,70713
"Kuhmo",42866,42572,43152,43565,43603,44421,43747,43824,45533,46467,47049,47040,49416,48086,47892,49011,49334,48710,49409,49998,49623,49521,50097,50956,50965,51308,52177,50721,49642,49113
"Kuhmoinen",39520,39414,40230,41892,42205,42066,42595,43446,45024,46330,46579,45768,49974,46757,45364,46739,47285,46304,46643,47794,47387,47424,48377,48243,49529,50671,52213,50536,49332,49770
"Kumlinge",42994,47001,45983,45091,49732,51759,58088,54525,56437,57571,57866,61704,64978,66468,69080,69580,68833,68350,65993,65162,66396,68108,66060,67621,68206,68987,67719,62805,59569,63203
"Kuopio",45136,45689,46776,47353,47667,48418,47764,48570,50005,52087,52449,53809,54782,54767,55206,56576,56475,56561,57063,57207,57276,58354,58129,58948,59194,59451,60410,57995,56652,57512
"Kuortane",45017,45414,45931,46824,48452,49646,48966,49956,51124,52814,54501,55125,57106,55975,55851,56576,57699,56570,57302,57424,58221,58030,57991,59937,60662,60856,60915,59473,58174,60449
"Kurikka",44801,44578,45751,46819,47925,48245,48222,50365,50983,53133,54514,55358,57147,58918,55609,57511,57647,56656,57063,57684,57181,57273,57606,57912,58483,58665,59520,58526,56012,57053
"Kustavi",40501,41212,41443,48562,45815,44773,47169,48117,45856,48583,50564,49577,51295,50574,52486,55559,54887,54962,56254,54979,56093,55712,59346,61369,63690,68274,89372,71710,66566,66822
"Kuusamo",49734,49590,49383,49235,50023,50033,50118,50695,51882,53798,54713,55944,56324,56097,55710,56071,55937,55274,54936,55215,55218,55483,55635,56717,57044,56969,58735,56189,57068,55828
"Kyyjärvi",43943,44147,46580,47986,49488,52199,48887,49226,49897,51328,52755,52550,54824,58373,51869,53955,54898,54332,54168,54372,52881,55812,55464,54945,55112,55440,58641,55961,53094,56076
"Kärkölä",47492,47232,49754,50864,50733,52221,51593,53487,52830,54479,54935,57953,59871,58657,57218,58598,59343,58094,58841,59386,58136,59396,58585,59153,60368,59041,60009,58914,57448,57108
"Kärsämäki",44432,43014,45169,44826,45528,46164,46276,48255,51157,51893,51388,51973,53671,53972,52141,51867,51808,51960,52513,53200,54989,52973,54311,56007,54917,55775,57226,54084,52940,55398
"Kökar",45236,46306,48568,49023,47691,54963,53076,52950,54299,58675,61742,61477,62039,57051,60209,59764,60284,64225,63034,60250,59979,63034,64178,65876,62626,65024,68648,56222,55731,61269
"Lahti",43245,43435,44665,45502,46779,46965,46677,47573,48812,50418,51592,52413,54140,53950,53605,54758,55011,54771,54992,54686,55431,55663,55934,56143,57238,56723,58207,55691,54220,55469
"Laihia",48437,48797,50445,52446,53132,54975,54850,55878,56426,59480,62669,62119,64564,65085,64761,66185,66390,65600,66969,68551,67088,67000,67296,68370,69008,68999,70572,68075,66875,68176
"Laitila",45079,45490,47044,48522,49572,49004,49029,49863,50197,52690,52402,52805,55026,55115,54279,55791,55943,56061,56562,57377,57756,58252,58807,59517,60771,60196,61250,59134,56666,57559
"Lapinjärvi",44859,44366,45846,46634,48609,49334,48847,50306,50122,51843,53695,54417,57354,56855,56640,58363,61861,61953,62222,57986,59458,60141,62304,64546,64359,64415,69139,64503,65295,67518
"Lapinlahti",42078,41924,42658,44013,44936,45604,44927,45971,47503,48823,49578,49768,52004,51743,51180,52037,52454,52254,53398,53412,53164,53851,53912,55176,55421,55307,56725,54293,53337,54988
"Lappajärvi",44789,45619,47032,47294,48636,49765,50073,50362,51300,53923,53751,54227,56922,56636,56456,56853,57724,57566,58171,58453,59623,58167,57011,58115,58332,57846,57433,56090,53645,54842
"Lappeenranta",47140,47343,47876,48422,48578,48773,48727,49250,49950,51823,52134,53287,54904,54662,54462,55781,55695,55702,55811,55937,56082,55973,56118,56171,56387,56987,57734,55497,53617,54747
"Lapua",50174,48529,49619,51044,52129,52937,52222,53435,54584,56167,56642,58497,60723,60729,60247,60862,61084,61049,60936,61290,61375,62678,62708,62745,63432,63179,64969,61922,60514,61716
"Laukaa",48488,49369,50451,51953,52700,53331,53338,54409,55833,57885,58850,59513,62174,62791,61903,63691,63475,63299,63965,64628,65768,66244,66484,66774,67719,68186,69708,67537,65504,66215
"Lemi",45942,46837,47880,48512,49882,50285,50551,51051,52087,53891,54876,56275,59791,58040,58042,60459,60213,60199,61604,61702,62417,62678,64063,63143,64790,64179,64558,62540,60832,62191
"Lemland",60088,62311,66190,67376,70305,74341,72413,73492,74179,77667,83928,78495,82000,81194,81648,85230,84804,83902,84194,83338,83750,82554,83006,82995,85020,85685,96433,85302,83835,86157
"Lempäälä",52648,52972,55459,58344,59321,61525,61052,61335,62553,65640,68377,70622,73189,72721,72777,73501,74408,74034,73355,74022,75047,76591,76628,77139,78343,78914,82996,77678,77015,77403
"Leppävirta",44474,45114,46314,46504,47231,47637,48244,49029,52424,53919,52235,53934,57252,56627,55208,56334,56438,56335,55981,56877,56892,57614,58837,59473,59644,60032,63519,60728,57720,58914
"Lestijärvi",44325,44684,44950,46895,48093,48047,49636,53431,53939,71354,59353,60126,62418,57376,59821,63714,57436,54331,54378,56784,53903,55629,56198,56399,57500,56422,56606,56331,55862,60540
"Lieksa",42242,41424,42123,41893,42177,42451,42188,42114,43126,43949,44071,44257,45550,44720,45009,45053,45009,45176,45808,46234,46475,46530,46417,48033,47428,48060,48274,46303,45677,46990
"Lieto",55627,56699,58555,60133,62846,62778,63852,64918,66127,68722,70736,73177,76056,74063,75502,75889,75345,75666,75519,77300,77716,77768,78057,79220,79410,79229,81131,78275,75635,77567
"Liminka",51978,52920,54720,55829,57309,59819,58937,60103,61855,65118,67776,69729,72075,72133,73685,74946,75805,76014,77208,76419,78177,79512,81228,83672,83296,83833,85374,81239,78283,80254
"Liperi",43801,43267,43789,44608,45697,46727,46751,47738,49489,51430,52143,52733,54846,54747,55963,57251,57930,57895,58360,58970,58675,58606,59489,60034,60722,60864,62287,59894,59834,60553
"Lohja",49950,51300,52835,55242,57845,58803,58645,59146,59942,63723,63640,64758,67594,65714,65508,67368,67029,66030,66183,66062,67531,67074,67217,68395,68470,69350,68834,66104,64705,65641
"Loimaa",44012,43969,45826,46386,47336,48472,47937,49555,54740,51371,52484,53374,55048,53791,53521,54727,54906,55092,54367,54707,55020,55080,55480,56002,56195,56324,56885,54693,53176,53953
"Loppi",45915,46357,47661,48988,51926,51723,51296,53879,54138,56600,58891,60045,62840,61695,61490,63203,63097,62677,63578,63472,63452,64113,64398,65345,66292,66108,67704,65615,64099,64883
"Loviisa",45158,45423,46517,48481,48904,49419,49702,50401,52361,53483,54661,56064,57446,57134,57890,59032,59001,58561,58883,59252,60218,59286,59762,60765,61297,60763,62602,59763,58931,60713
"Luhanka",40585,38462,42299,42473,42258,40684,41118,41915,43148,46004,46733,47443,50262,50530,50548,51282,51774,51150,56207,55865,54206,56879,56326,58953,58563,58717,62730,60592,59521,61538
"Lumijoki",44082,43257,43272,45807,47535,49012,48790,50200,52029,55275,56060,56938,58086,59746,58551,60338,59661,60416,60585,60835,61648,64107,64986,66172,67015,67469,69168,67939,65282,66777
"Lumparland",51001,53898,53415,58357,60596,60675,62316,64994,64608,68296,68955,66205,67872,67862,68612,73636,71929,70623,83330,70764,74402,77857,74906,73026,72633,75091,74744,75397,69275,70260
"Larsmo",56195,57596,60207,61977,62782,64430,65645,66877,68776,71258,71785,73228,74924,75119,74589,78000,77871,77225,78103,78079,78573,81300,80109,80492,81592,81964,93053,83349,79770,81030
"Luumäki",44008,43153,45166,44922,45244,45562,44929,46415,47108,48338,50407,51839,55114,53711,52605,53346,53669,53189,55045,55053,54807,55071,55686,55837,55845,56422,57261,54273,54180,55481
"Malax",45435,46434,46185,47745,48175,50164,50292,51399,52534,54193,55387,56346,58141,58287,58217,59813,60101,61220,62454,62073,62590,61804,61900,61951,63181,63663,65779,62930,61757,64067
"Mariehamn",56749,56137,60172,62608,67480,69852,69119,70132,70132,74323,77542,72970,75856,71382,72249,74095,74193,72185,72546,72406,76423,73847,72982,71805,73051,71364,75824,71057,69263,73671
"Marttila",46694,45732,47630,47795,48405,50787,49540,50887,53021,55969,61793,57888,60747,60567,58193,60722,57488,60278,57501,58905,58125,60185,60014,63387,63526,62650,63270,59296,57589,58231
"Masku",56356,58702,59974,62129,64108,63920,64176,65731,67579,71242,72030,74599,78674,75815,76056,78491,77941,77471,77133,77931,79063,79885,80604,81722,84205,83568,85679,81141,80182,82400
"Merijärvi",44575,44559,45963,47795,45604,47059,48385,50508,51585,51124,51796,53473,56186,54698,54483,56096,54079,54391,54689,56826,53875,54565,55210,55532,56814,56585,58126,56284,54505,55907
"Merikarvia",41112,40860,43304,43511,43566,44817,44872,46097,47996,49526,51012,51011,52636,51354,51064,52664,52533,54167,53220,54056,53250,54639,55084,55340,55751,56302,59587,56357,56542,56046
"Miehikkälä",42970,41081,42859,42333,43331,42990,44018,44643,46351,47088,47212,48597,51555,49602,49565,51162,51214,51142,51197,51084,51582,51888,51875,53238,53137,52481,53600,51747,50908,52315
"Mikkeli",44746,44851,46056,46736,47147,47456,47483,48226,49246,51259,51992,52703,54487,54178,53911,55383,55274,55207,55653,55726,55875,56217,56385,57047,56943,56869,58257,56415,55598,56109
"Muhos",46836,47601,49066,50177,51040,51937,51608,52853,54535,56074,56664,57806,58643,59241,60234,61175,61223,61845,62278,62055,63174,66076,63671,65101,65047,68056,67817,63510,63895,63920
"Multia",40136,40262,41632,42808,43615,43569,42868,44188,45483,47301,49169,47344,50716,50109,48482,52910,51034,50740,51209,50995,53603,52466,52537,54571,55908,53391,53759,52741,54669,52332
"Muonio",48250,48185,49896,50567,50427,50500,50899,50723,52888,55569,56352,58579,57474,58398,58799,57801,59270,60075,61663,62180,63013,63156,64687,68199,67189,68197,65126,61174,62362,64717
"Korsholm",55080,56254,57254,58755,59528,61024,61253,61912,63563,65137,66886,69136,70717,72806,71829,73812,76450,73601,74801,77652,74030,73733,74806,75900,77601,75488,78735,75193,73363,75907
"Muurame",53673,54766,56030,63949,60046,59944,60308,61876,62921,65989,67464,68618,78950,73203,71987,75286,76353,74753,75194,87333,76011,76941,77016,78080,80582,86135,84971,79303,75069,77758
"Mynämäki",47956,48469,49260,50278,52788,51939,52488,53092,54791,57605,58862,64103,61706,63715,61698,62680,61677,61228,60572,61231,61968,63009,64039,64794,64650,64055,65070,64803,61775,62616
"Myrskylä",44764,43062,44966,45743,47148,48345,48764,49858,50413,52932,53394,54708,57488,55774,57704,56719,59361,58172,59074,58647,59570,59905,60477,61609,61264,60833,63009,60050,59337,60828
"Mäntsälä",50695,50907,53397,54589,56737,57815,57427,58652,60315,63432,63970,66064,69370,68691,69505,70769,71436,70993,71249,71573,71417,71471,71835,72340,73372,73975,78810,72334,69880,70754
"Mänttä-Vilppula",46622,47010,47770,48717,48461,48818,48335,48903,49983,51135,51220,52249,53381,53244,52895,53104,53535,52703,53295,53737,53758,53783,53675,57671,53670,53880,54560,52226,50931,51408
"Mäntyharju",40402,40216,41619,42077,43081,43332,43008,43692,45020,46404,47421,47634,50107,49901,49149,50641,51472,50345,50734,51255,51409,52065,52167,53161,54164,53294,54806,52271,52277,53258
"Naantali",53051,55056,56395,58181,60728,61503,61589,62316,62927,67495,70870,75783,72351,71431,72520,74052,75624,73295,74691,72726,76175,75284,78325,81582,79528,80100,81664,84593,75445,78579
"Nakkila",48859,49554,51139,52136,51687,51987,51841,52001,53072,55212,55205,56350,63297,59059,57916,58052,57795,57677,57914,58419,58160,58157,60101,60527,60490,60550,61736,59751,58894,58562
"Nivala",47010,46974,48127,50281,49592,49690,50454,51137,51727,54446,55375,55926,56837,57220,55195,57085,57057,57382,57573,58526,57648,58359,60398,60852,61170,62094,63181,60585,59099,61265
"Nokia",48443,49446,51032,53533,55718,55667,55732,55944,57275,59814,61756,63029,65771,65106,63315,64346,65426,65381,65146,65165,65457,65509,66327,67691,67420,67568,68486,65978,64183,64689
"Nousiainen",52319,53896,54994,60279,58635,59265,59116,59971,61872,63239,65356,66313,69007,68139,68985,70343,70146,70261,70178,70352,70616,71570,72840,71707,74540,74160,75762,72710,71343,73201
"Nurmes",39796,39825,39949,40198,40379,40829,40288,41288,41830,43299,43808,44142,45707,45491,45644,47017,46786,46394,47014,47703,47877,47480,47733,49019,48961,49174,49730,47754,46993,48230
"Nurmijärvi",59758,60995,63211,66067,70462,72320,70937,71445,73010,75525,77706,79670,82457,81006,81409,82933,83908,82865,82957,83803,84218,83501,84834,83976,83738,82226,84979,80311,78180,79327
"Närpes",48025,49378,49254,50667,50564,52589,51765,52898,53718,56770,57396,59172,61301,59740,58575,60799,61275,61065,61673,61939,61802,62030,62984,63648,64329,65257,67163,64693,63317,63946
"Orimattila",44035,44125,45947,46797,48530,49424,49276,50401,51399,53191,54774,55629,57858,57279,56227,58714,60367,58016,58921,58759,59296,59840,60639,61327,62197,61886,62913,61528,59015,59909
"Oripää",44624,45853,45874,47127,48228,51685,49149,49033,53188,53127,54566,55239,56719,56643,56371,58976,57722,57591,57627,59258,58669,67478,61061,64315,62590,67066,64286,65243,60803,62320
"Orivesi",44332,44033,45304,46788,46283,46752,46766,48218,48531,49993,51140,52575,54075,53792,54420,55324,55471,55360,55698,55812,56371,56820,56774,57935,59785,58697,60235,58901,57477,59122
"Oulainen",45746,46749,47477,47909,48248,49486,55776,49883,51387,53042,53973,53724,53843,53972,52674,53868,55577,54402,54503,55943,57519,56487,57117,57092,57092,56982,58582,56043,53682,54277
"Oulu",49406,50336,51660,53115,55147,58123,54690,55480,55907,58107,59148,59825,60705,60174,60147,61154,60656,60418,59952,60594,62360,61248,61834,62508,62481,62910,64419,61047,59611,60146
"Outokumpu",41143,41957,41675,41767,42018,42641,42650,43376,44510,45159,46250,47561,48299,48803,49060,49197,47980,47487,47900,48206,48348,48795,48307,48900,49331,48887,50076,47846,47050,48438
"Padasjoki",42648,42515,44040,44185,46084,44704,45304,46489,47426,49554,48815,49068,52673,50812,50590,52058,51611,49537,51881,53198,53528,52494,52278,53107,54154,53727,55938,54091,52719,54272
"Paimio",51567,52813,55243,56130,58138,59811,57991,59013,60262,62381,63795,65790,66678,66654,66900,69047,67236,67154,67261,66663,67532,68374,68261,68883,69240,69447,71259,68513,67316,69356
"Paltamo",41596,41354,41951,42838,42796,42662,42752,43085,43895,45456,46135,46032,47564,47413,48256,49535,48504,48551,48488,48473,49331,49562,49861,51468,51802,54985,55712,52309,52882,53643
"Pargas",48817,49787,50864,52366,54725,54700,54502,56572,57935,60123,62958,67553,66043,65563,65348,67198,67157,67223,67248,68611,69792,69870,70149,71936,72280,71890,75696,70829,69195,71537
"Parikkala",41244,40615,42160,42475,43207,45875,43314,44043,45370,46232,47923,48592,49843,49158,49077,50285,50032,50025,50793,51663,51775,51414,50619,51476,51954,52284,52873,51099,50153,50485
"Parkano",44500,44242,45377,46873,47692,47370,47267,48492,49352,51561,52426,51593,53187,56142,52882,55218,53411,52884,53746,53737,53692,53144,54009,54401,55677,55430,56248,56666,52575,53542
"Pedersöre",53132,54684,56010,56855,57669,59389,60691,62692,63486,66077,67040,68340,69598,71108,70459,70965,72003,72358,73927,73417,74145,73945,73692,75648,76344,77914,80042,74961,73659,74319
"Pelkosenniemi",43357,43190,45502,45948,45583,45021,43826,44063,45224,44774,45782,44993,47514,47417,47085,47689,47943,48306,48964,49172,49428,49571,50106,50669,51313,53493,53535,54657,52042,55764
"Pello",44849,45223,46175,46074,45889,46833,46308,47326,48099,49498,50385,50084,50881,50031,50594,52174,57331,51995,53386,52727,53052,54159,53431,54272,54509,55333,56567,55299,52773,53795
"Perho",46193,45984,47120,48118,50129,50870,51614,52184,53400,55352,55382,56401,57409,57655,57179,58368,57742,57430,57821,58266,58551,59564,59265,59451,59945,59673,61483,59727,58631,59194
"Petäjävesi",43458,43124,44436,46278,46987,46175,45891,45701,45998,49152,50352,51854,54033,53695,53945,55588,54630,55037,55494,56726,57230,58092,58600,59953,60810,61093,62787,60190,59440,61278
"Pieksämäki",43557,44132,44781,45003,45622,45434,45425,46352,46956,48470,49222,50153,51601,50889,50847,52561,51821,51285,51461,51497,51515,51753,51922,52045,52333,52357,53190,51242,50208,50975
"Pielavesi",40617,40491,41130,41444,42004,41906,42780,42893,43263,44973,45225,45756,47887,47892,47601,48738,49461,48553,49688,49887,49903,49373,49984,51688,51127,50576,51643,49744,49392,50040
"Jakobstad",49842,50777,52237,53301,53757,54638,54248,55373,56718,58824,58045,60238,60212,61025,59397,61207,60699,60562,61511,61585,61858,61716,61897,64316,62832,64220,68036,61454,59811,61720
"Pihtipudas",40041,40327,41784,42254,43192,43296,43384,44398,44569,45499,46528,47096,48593,47998,47915,49043,48834,48847,49009,49675,49168,49595,49849,50574,51166,50969,52629,50628,49504,50334
"Pirkkala",57172,58264,60399,62841,67410,66956,67134,66633,69300,72642,73270,76190,78174,80482,77997,79879,80956,79001,79047,84530,80302,80794,81647,81941,83365,83081,86562,83371,82694,83712
"Polvijärvi",37800,36904,37599,37812,38125,39259,39398,40290,40881,43062,43892,44272,45947,45362,44888,46126,46697,47192,48364,49259,48824,49063,48854,49997,49475,50362,51435,49377,48781,50395
"Pomarkku",43353,43708,44262,44565,45779,46194,45843,45905,46931,50335,50469,50640,54253,53504,52522,54831,55449,56755,54561,54644,54740,54441,55189,56267,57159,58139,57202,56439,56470,55613
"Pori",44265,44617,45363,46437,46720,46975,47074,47832,49259,50685,51631,52188,54111,54144,53799,55092,55376,55070,55126,55291,55567,55932,55679,56258,56591,56264,57332,56118,53623,54555
"Pornainen",55088,55697,57943,61490,63858,65922,65032,65081,67224,70905,74420,75995,77861,76638,77805,79650,79083,79755,79498,79763,81721,80236,80718,82091,82890,82070,83822,81601,79825,81399
"Porvoo",53008,53540,55903,57098,59470,60604,61734,61412,62997,65957,67980,69876,71642,70261,70491,72773,71741,70941,71732,72356,73836,73016,73360,74423,74906,74200,76901,72801,71279,73596
"Posio",46275,46202,45341,45790,45696,45398,45599,45311,47342,49091,48939,49665,51360,51804,50639,51655,51499,51074,51533,51436,50371,50090,49701,50891,51778,52119,52184,49672,48941,49278
"Pudasjärvi",43701,43566,43618,44522,43855,43744,44121,44723,45466,46736,47175,47330,48788,49087,48789,49235,48944,49173,49255,50051,49836,50226,50455,51109,51112,52306,53509,50340,49489,49834
"Pukkila",43407,44259,45300,46386,50222,50384,50228,52353,53728,56412,60441,63289,61960,62150,60695,63508,66814,64599,65122,64928,65427,65431,63515,65102,66251,65555,66820,63727,60787,62078
"Punkalaidun",42111,40492,41999,41204,42385,44770,43283,45671,47251,46668,48251,48590,50890,50524,50955,51934,51454,52968,52920,53551,51687,52481,52830,54360,54402,55305,53744,52447,51767,52472
"Puolanka",41168,40511,41068,41327,41525,41850,42072,43047,43388,45540,45009,44691,46088,45432,45708,47120,46572,46006,47212,47436,47499,47834,46613,47418,46998,47892,48734,47031,45809,47064
"Puumala",43157,41800,43873,44546,43606,45249,45006,45854,46367,48164,47828,48659,52267,50578,49895,51292,50883,51208,52357,54544,53081,53716,55483,55661,57407,57982,60606,58468,57562,59377
"Pyhtää",49805,50817,52491,53015,53588,55300,56132,57094,59334,61438,62611,62718,64911,65096,63196,65927,66962,66687,67269,67880,68747,68587,74177,73212,72853,70436,72578,70434,68179,70393
"Pyhäjoki",48448,49676,50661,51091,51010,53114,52551,52435,54523,55042,57144,56319,58624,57402,56763,59405,59495,58633,58739,61366,61516,61461,61557,62917,62677,63864,66587,62511,61774,61994
"Pyhäjärvi",43971,44529,45265,44979,45757,46170,46171,46212,46939,48601,48843,49209,50204,50641,50830,51972,51347,51423,52053,51665,52361,52296,52632,54023,54348,53347,53861,51971,49983,51149
"Pyhäntä",48771,48405,49206,51035,51637,52558,52036,53910,55352,56638,59556,61468,57300,59050,57057,59815,58314,57059,58596,59815,59128,60130,60297,60653,63957,62275,68036,67059,59639,63597
"Pyhäranta",49486,50402,59716,54043,53892,55118,55521,56806,56136,58894,60550,61807,63142,66168,65809,68667,66973,66638,64957,64715,64873,63580,67300,64861,65005,64364,65468,61968,60252,61327
"Pälkäne",45545,45656,46436,47250,47962,49313,48307,49503,52012,52598,55112,56854,57963,57497,56990,59416,57727,57735,58174,58566,59627,60327,60605,61291,61482,62312,63777,60853,60748,60716
"Pöytyä",45686,45711,47103,48274,48543,49823,49724,49950,52531,53940,55410,56075,58827,58700,58068,59114,59022,59548,58740,58587,59243,60109,60866,61430,61991,61813,63167,62071,59037,60260
"Raahe",52420,54213,54903,54756,55300,55288,55229,55421,56045,57215,58703,60237,61447,59993,59078,60426,60054,59312,59128,60150,60687,60363,61743,64602,61262,61576,62117,60290,58234,58941
"Raseborg",47448,48489,49591,50689,53345,54709,52749,53827,55455,57523,58618,59622,61190,61177,60080,61687,61624,60198,59895,61372,61568,61375,61450,61759,62454,62305,63371,60997,59491,61090
"Raisio",51871,53229,53643,55503,56221,57233,56144,57345,58574,61670,62007,63189,65629,64392,63976,64798,64128,64178,63778,63504,64364,66005,65378,66572,67253,66947,68407,65137,63222,64592
"Rantasalmi",42886,41921,43785,43845,44812,44425,45094,44893,45435,47096,48366,48745,51265,50393,50003,55009,51824,50598,51748,52301,52383,52620,51853,55221,53959,53837,55855,53085,52485,54334
"Ranua",45673,45648,46043,46290,47135,46354,47238,48020,49342,50443,50835,50858,51898,52033,52599,53387,52887,53117,53268,53793,52645,53559,54525,54620,55319,56397,56248,60793,52367,53685
"Rauma",48057,48823,49951,51237,51827,51656,52586,53028,54554,56362,57132,59425,61616,61383,61844,62665,62305,61231,61562,60688,61065,60992,62544,63542,63680,63816,66162,62708,61248,61320
"Rautalampi",40238,40453,41491,41151,41991,41678,40754,42223,43684,45045,46275,45133,46970,47267,47043,51036,49539,48610,49199,49364,49886,50045,50459,51680,51282,51321,52498,51097,49184,50488
"Rautavaara",40222,38568,39449,39265,39572,39458,38542,39171,39945,39716,40798,42372,43777,43224,43827,43964,44267,44013,44678,45556,45431,45941,45438,47330,46463,46888,47057,45297,46210,45455
"Rautjärvi",47819,47762,49894,50178,49128,48734,49134,49733,51358,51296,50391,51751,52027,51477,52093,57536,55976,51725,52531,52472,53225,52351,50991,52345,52025,52628,52322,50150,50079,51280
"Reisjärvi",44483,44745,45885,45919,47545,48622,48501,49667,51167,52934,53587,55394,56798,56747,56587,59489,58128,57825,57979,58367,57196,56745,56808,58390,58508,60357,60543,58978,57508,60075
"Riihimäki",46049,46750,47587,48817,50183,50890,51199,52232,53387,55516,57033,57641,59729,59271,59678,60530,60870,60893,60665,61065,60602,61293,61063,61391,61429,61380,63030,59802,58369,58394
"Ristijärvi",41764,41611,41495,42975,42917,43395,43737,43758,45508,46438,47133,47746,49311,49746,48424,49156,50299,49672,53011,51923,52363,53400,53949,56588,56246,54089,55666,53137,53419,54581
"Rovaniemi",47413,47662,47591,48014,48762,48107,47980,48764,50443,52006,53005,53518,54509,54304,54728,55758,56354,56106,56537,56745,57477,57448,57603,58529,58942,58786,59392,57612,56829,58702
"Ruokolahti",50114,49542,51111,52300,53030,53682,53932,53582,55059,55253,55538,57666,60156,59362,58807,60972,60090,59293,60741,60969,61320,60892,60190,61874,62700,61399,64463,60169,58411,59873
"Ruovesi",44404,43206,44637,45845,46616,47025,46131,49092,48204,50048,51771,51517,54040,53055,51906,54741,54321,53079,54330,54260,53248,54174,53846,55306,55429,54759,56818,55141,52579,53482
"Rusko",57240,59115,61133,64843,64896,65208,66133,67483,68283,71661,73555,76226,76820,76469,77871,78429,78875,77585,77749,77759,78892,81092,82434,82593,84051,83042,85366,80837,80237,81922
"Rääkkylä",37353,37733,38731,39314,39456,39653,39055,41113,41020,41109,41387,42495,44632,43666,43870,44522,45141,43674,44544,45623,45646,45398,45961,46968,47158,47097,47585,47294,46685,47318
"Saarijärvi",42861,43331,45517,46416,46662,46879,46497,46480,48172,50295,50448,49742,51901,51814,50273,51703,50897,50744,50796,51200,51596,51731,51850,54685,52584,52149,53039,51428,49990,51584
"Salla",44448,44286,44319,44037,44297,43525,43453,43096,44190,44791,45327,45840,46940,46895,47214,47515,47168,47434,48457,48789,48619,49338,49088,50311,50797,51225,52150,50150,49972,52249
"Salo",46401,47364,49101,52382,58396,59857,55305,55624,54797,57305,57575,59873,61102,60829,58998,59908,59421,59501,56786,57207,58138,58389,57574,58333,59366,59167,60869,58618,57337,58308
"Saltvik",51019,54478,56392,59228,65764,63906,61119,62358,64712,71855,80079,71021,74201,70264,68794,70142,71315,68651,70146,69502,71999,70446,73252,74821,72901,72202,72997,69661,68809,71168
"Sastamala",43662,43783,45010,46045,47745,47944,47540,48717,49929,51729,53276,55476,56105,54623,54601,55942,55956,56341,56429,56452,56772,56821,57413,57951,58238,58992,59746,57807,56528,58108
"Sauvo",46925,48012,50769,51534,55855,52057,51502,53992,55635,60238,61561,62374,64078,65743,64651,65568,68845,65639,64504,63567,65355,67525,68767,68792,67973,69382,70264,68059,66804,68275
"Savitaipale",44803,44171,46409,46864,47636,47017,47878,48118,49044,50215,50363,51133,53799,52599,51029,52769,53719,53075,53755,54154,54764,54118,53646,54765,55853,55155,56289,53490,52470,53240
"Savonlinna",44378,44517,44853,45053,45553,45161,45517,45911,46907,48448,49405,50566,53165,51314,50929,52777,52787,51904,51991,52334,52145,52157,52132,52919,53144,52880,53905,51764,51094,52116
"Savukoski",41649,42018,43432,43704,43828,43414,42443,43936,45651,47145,47277,47920,48912,49854,48617,50472,50854,49694,50620,53265,51108,52899,52482,53298,54229,56168,57211,53521,52582,53968
"Seinäjoki",48672,48990,50020,50824,51844,52068,51739,52728,54072,56397,57211,58286,60434,60030,60230,62283,62003,61084,61350,60718,61742,61362,61383,61978,62471,62666,64260,60996,59255,61014
"Sievi",47465,48281,50318,52886,54511,57179,86320,58309,61974,77642,66196,65301,65697,65762,64716,68804,68547,66674,67126,70429,69308,69962,75141,73720,84834,75479,81202,84709,75453,77748
"Siikainen",39797,39876,42082,42581,42265,42321,42317,44644,45097,46869,47566,47140,48549,48509,46522,48743,49161,51250,49599,50819,49549,50540,50575,52230,51811,50956,52137,50064,50569,50369
"Siikajoki",46331,46995,47755,49496,50188,50962,50511,51338,53325,54445,54353,57284,58305,58964,56625,60098,59984,58881,59902,60894,76692,60845,63881,63782,63012,63143,65312,61851,61719,64475
"Siikalatva",45061,44824,45470,45133,45424,45287,45625,46477,47768,48566,49303,50547,52429,52046,50515,51302,50974,50209,50916,52037,51371,51916,52022,53289,53662,53484,55215,53049,51413,53132
"Siilinjärvi",53375,53897,54697,55667,56282,56530,56650,57434,58746,60914,62833,63767,65083,65144,65827,67094,67133,67114,67688,68099,67618,68093,68327,68725,69191,69101,69892,68612,65335,66678
"Simo",51126,51397,51038,51447,50694,50016,50707,51719,53886,55522,54915,56524,58147,57452,59079,60118,61091,60307,61014,62042,61829,61034,61296,62092,63002,64350,65194,63003,59719,60096
"Sipoo",62274,64752,67598,71570,75688,80514,76947,82156,84269,90451,90627,92914,98648,112417,86194,87707,89258,87891,90160,88141,89357,89158,90111,90288,90247,89155,91987,85952,83439,84146
"Siuntio",58213,59942,62451,65210,69542,72228,71705,71908,73888,76450,79956,82494,83774,81988,82538,83570,84152,84395,82265,83118,85275,82997,85160,85338,84402,87329,88611,83805,83550,86153
"Sodankylä",47121,47255,46714,46539,45673,45982,46042,46303,48047,49850,50362,50576,52274,52815,53727,54636,56332,57058,57606,57632,58348,58616,58738,59764,60569,61263,60595,58700,58482,59702
"Soini",42186,41767,43120,43046,44545,44803,43896,44529,46082,48007,48685,49816,51693,52003,51075,52113,52398,51548,51844,52644,52059,52439,54978,54480,54817,53484,55602,53748,52134,53140
"Somero",43622,43585,45375,46008,47095,47853,47858,48314,49814,51451,52721,53058,54369,54100,53558,53904,54105,54915,54282,55124,55022,55487,56032,56587,58047,58139,59429,57182,54959,55883
"Sonkajärvi",43496,42812,44388,44160,45150,44442,43945,45206,45697,47778,48696,48971,51194,49811,49604,51005,50874,50191,50171,51020,49841,50678,50865,53507,52547,52333,53675,52674,51181,51988
"Sotkamo",45422,46548,47162,47763,48526,47825,47590,48323,49678,51687,52216,52915,56150,56312,56150,58123,57942,56963,58057,58109,58459,59407,60747,62184,62663,62695,64632,63206,60975,62466
"Sottunga",58452,56890,62674,61854,76553,64922,67466,77137,77189,82270,101964,73498,86124,80530,68720,75038,78019,72292,70420,71801,73642,73615,78222,74386,68640,67572,67715,63238,63230,68929
"Sulkava",44053,43156,45057,44317,44259,44394,44457,44812,45805,46730,47908,47418,49739,48823,48315,55107,52209,48189,49042,48770,48858,50962,49662,50288,51890,52044,53258,50628,49404,52925
"Sund",45550,48851,51660,52982,53627,58143,55556,56929,59256,63257,61661,61702,63023,63356,65787,64510,64701,63671,64775,64988,65920,66653,67080,66552,67611,67718,68804,66112,63847,64811
"Suomussalmi",43735,42919,43273,43530,43357,43438,43276,43696,44974,46582,46635,47549,48515,48754,48857,50205,50354,49628,49392,49568,49367,50128,50119,51905,52994,51824,51835,49427,48724,49224
"Suonenjoki",41150,40770,42014,41717,42165,41932,41967,44165,44026,45742,46845,48151,49487,48886,48567,51277,50860,50420,51560,51516,51913,51997,51896,54318,53385,52925,54261,52348,50639,52722
"Sysmä",39586,38807,39949,40453,41084,42362,41963,42676,42944,45400,45154,45921,48943,47191,46375,47095,47774,46225,47129,48036,47124,48306,48967,49791,51135,52268,52908,50734,49609,51550
"Säkylä",49207,49533,51568,53495,52950,53339,53534,54682,55838,57375,57944,58799,60204,60100,59992,61679,60904,60545,60080,60784,61057,62094,62008,61415,61320,62385,62285,59908,58358,59040
"Taipalsaari",54905,55771,57886,59184,66896,59107,60255,60599,61688,63920,65449,72398,70652,68971,68164,71801,72219,72096,71604,71032,71351,71260,71693,73026,73728,72885,74269,71217,69213,71388
"Taivalkoski",48021,47399,45629,46109,46768,45647,45871,46301,47045,48218,48459,49596,51387,51545,50780,51862,52016,52408,52557,53051,52803,53302,54075,53965,55068,55104,56872,55690,52089,52233
"Taivassalo",41614,42517,44102,44719,45938,45772,44624,46750,47251,48923,50510,53379,55847,54301,53940,57401,54945,60180,56475,57130,66609,59049,64422,61133,62411,63172,71562,62044,57401,60372
"Tammela",46812,46627,49311,50230,52088,53925,52373,53850,54767,56551,59008,58724,61437,61254,60529,62692,64124,63694,63279,63633,64346,64597,65642,65749,66399,66889,68817,66405,65288,66283
"Tampere",44444,45778,46834,48767,50102,50977,50663,50652,51498,53124,54570,55828,57323,56441,55718,56734,57169,56496,56521,56459,57324,57330,57508,58730,58333,58210,60204,57141,55202,56553
"Tervo",41966,40155,42202,42159,41816,41665,43092,45669,44959,45712,46831,46826,50738,48865,47834,48086,49100,48126,50600,50242,50634,51778,50099,51607,51966,52191,53274,52170,49388,51273
"Tervola",42638,42915,42962,42959,43947,43754,44672,45410,45928,46983,48333,54200,52179,52726,51700,52517,53559,54071,54247,54827,56386,55002,55125,56451,57543,58081,58671,56740,55257,56635
"Teuva",44202,43847,45172,46322,47338,48635,48781,49025,50189,52478,53858,56921,56483,56814,55874,56966,55554,54939,54635,54336,53860,54631,54799,55642,55761,57178,58672,56157,54977,55314
"Tohmajärvi",40363,40392,41161,41404,41352,42214,42333,43182,43992,45300,46301,46623,48477,48014,47234,49734,49772,48882,49474,50574,50252,50581,52529,52168,51685,52369,52916,52088,50565,51534
"Toholampi",47824,48592,49459,49349,51302,52108,51775,52694,54393,55971,57174,58544,60201,59214,59620,60983,60234,59681,60625,61239,59923,60003,58909,59816,58882,59667,60903,58013,56697,58156
"Toivakka",43050,42292,45275,45014,46364,45844,47690,48231,48661,51139,52904,54522,56137,55877,55939,57787,57458,57349,57979,58358,59193,59719,60725,60997,62888,62349,63686,61142,61002,63933
"Tornio",49958,50791,51289,51331,52356,52677,52887,54186,55016,57097,57365,58013,58350,58258,57521,60916,60454,60175,59993,60264,61121,61605,62715,62582,63813,64194,64982,62877,61480,62357
"Turku",43092,43972,44632,45334,46570,47033,46766,47582,48262,49689,50655,52850,53325,53208,53070,54271,54683,53439,53683,54509,54560,54933,55738,56518,56522,56051,57818,54980,52892,54047
"Tuusniemi",38637,38663,40144,41175,40772,40670,41651,41345,42461,43385,44526,45454,46615,46127,46782,47223,47568,47138,48001,47869,48032,47977,47324,49807,49983,48877,51033,49488,48323,50342
"Tuusula",58580,59887,62333,65409,68711,70492,73437,71547,73134,77310,78353,81663,91565,84920,82353,84848,84169,83725,83741,83821,85162,84920,85350,86373,87391,86994,88276,84608,80161,80490
"Tyrnävä",49244,49480,51260,53707,54941,56069,54893,57502,57824,60736,61821,61783,63965,63785,63809,64806,66744,66706,67171,67199,68391,69413,69549,70811,70740,71510,72759,69903,67535,69140
"Ulvila",51034,51897,53730,54132,55080,54634,55434,56097,57068,59020,60262,60864,62653,62847,62224,63318,63458,63805,63433,63533,63754,63983,64083,64486,65116,64523,66119,63975,62203,63348
"Urjala",42933,42417,43754,44535,46526,46005,46026,47851,48259,50162,51243,51575,53888,52302,51226,53218,52372,53564,53415,56174,52509,54665,52934,54538,54958,54179,57201,53562,52011,54109
"Utajärvi",43059,42613,44184,44204,45146,45902,45779,46971,48208,49250,49494,49189,50366,55252,51406,52721,52225,52977,52841,52840,53992,53814,54550,54368,54724,54794,55357,53189,51469,52326
"Utsjoki",47790,47864,48473,50374,51636,51198,51937,53488,54332,54811,54802,55504,54834,54000,54874,57804,57674,58393,57315,56846,59107,60043,60524,59898,60852,59170,60265,59021,55322,58527
"Uurainen",43814,44504,45923,47020,47353,48263,48334,49530,50628,51969,54006,55445,58234,57575,58273,61889,61956,61638,61040,61980,62991,64191,64566,65723,66581,66473,68264,65096,63157,64412
"Nykarleby",50137,51817,52727,53048,53047,55360,56986,57990,59161,60125,60158,62370,63361,63305,61085,66225,66681,66559,68071,68187,68167,67624,67832,70221,68671,68468,74016,66563,67416,67749
"Uusikaupunki",45961,47186,48721,49720,51118,51300,51373,51422,51101,52042,53317,53885,55680,55470,55696,56971,56659,56389,57218,57615,59671,59612,60775,61471,60960,60564,61660,58398,57017,57043
"Vaala",42310,42346,42989,42750,43025,43379,43536,44321,44666,45615,46218,45911,48138,48205,47752,48953,49119,48743,49001,49283,50053,49352,50440,49178,50308,50406,51343,48769,47247,48323
"Vaasa",48275,49019,49986,50878,51237,52392,51477,52168,52650,54477,55770,56632,58724,59053,59741,60289,60569,59992,60013,62597,60296,60549,59853,60553,60622,60467,62303,59301,57336,58834
"Valkeakoski",49603,50815,51704,53022,53414,53448,53884,54572,55482,56829,57305,58472,59659,58908,57955,58360,58602,58633,58664,59344,59965,60399,60379,60519,61198,61156,62152,60255,59310,59897
"Vantaa",55268,56350,57738,59791,62438,63473,62567,62711,63323,65250,66276,67840,69492,68781,69083,70312,70212,69740,69611,69318,70002,69841,70262,70142,70117,69074,70120,66684,64601,65136
"Varkaus",45665,46451,47296,48000,48013,48763,48356,48769,50158,51117,51185,51260,53331,51987,52142,52060,51757,50962,51536,51342,52369,52470,52633,53136,53237,53337,54674,52457,50959,51289
"Vehmaa",42939,43017,42817,44374,45593,46046,44929,46424,48309,48646,50184,52332,53796,54254,53349,53795,55782,54551,57861,56360,57192,60316,58497,58572,59396,58960,59301,56956,55056,56938
"Vesanto",40008,38997,40720,40237,40317,41009,39313,40087,42199,43047,43353,42441,45651,44782,44866,48121,46696,46024,46424,47447,46386,47560,47564,47988,48112,49357,51018,48867,47835,49709
"Vesilahti",48192,47775,50370,52082,53079,53712,54597,55833,57542,59248,64338,65295,69281,68210,68005,69474,70550,70469,71734,71807,72778,73681,73678,76047,76468,76481,81295,78682,77427,77818
"Veteli",48385,49936,50355,52085,51581,53410,52714,53489,54668,56353,56880,63930,59993,59118,57983,59974,59392,58060,59316,60762,60657,59600,59019,60359,60425,60322,61033,57580,56609,57934
"Vieremä",46057,46421,46623,47681,49163,48541,48927,50382,50832,63427,55300,59955,64076,63459,55513,57134,58260,58031,57614,57645,57854,59066,60441,64972,64030,60890,63402,60751,59120,59918
"Vihti",54823,56110,58222,61479,67073,73920,65108,64744,66012,68557,70651,72378,74421,74348,74007,75313,75030,74389,77557,74395,75352,75485,75347,75557,76618,76306,78030,75475,73005,74280
"Viitasaari",42821,42391,43513,43860,46292,45459,45698,46288,46880,58132,48913,49896,50828,50526,49979,53103,52315,50234,51139,50457,50827,51523,51023,51519,52060,51800,52912,50932,49493,50815
"Vimpeli",46181,48820,52332,54626,56432,65476,53731,53840,54352,59338,60934,61138,64690,62864,61037,61350,72190,59951,59504,60621,60102,59331,59463,61105,61252,61741,63056,59547,57830,57515
"Virolahti",45272,45319,46501,47091,48137,47772,47611,48136,48379,51131,51709,52203,55430,53728,52537,53780,53543,53815,54942,54695,54728,54243,54065,55824,55392,57776,56099,53150,52928,53700
"Virrat",42339,42532,44227,44590,45473,44837,44430,45397,46369,48013,48390,49281,56620,50754,49397,51093,50036,49294,50571,51346,51502,51724,52905,53256,54620,54157,56565,60988,52577,54000
"Vĺrdö",68444,54150,59346,65478,76906,68146,58008,60996,64402,67414,69058,63210,70396,64746,66143,69616,67035,65285,64814,65758,68767,70289,67749,69163,71712,68883,72735,70620,70826,72835
"Vörĺ",46821,47008,48383,49057,49669,50679,52330,53442,54138,56666,55975,57889,58671,59580,59404,62465,64324,63958,64968,64372,65177,64209,65161,65354,66688,67578,69071,66277,63704,66373
"Ylitornio",43022,43334,44246,44645,45206,46088,44609,46155,47849,49217,49395,50192,57377,52616,50851,52022,53594,52591,53288,54730,53793,54874,54848,55192,55691,56561,58780,55636,54808,55848
"Ylivieska",47665,48179,48835,49630,51956,53929,50727,51202,52610,56022,55158,56514,58174,57244,56797,58713,58889,58009,58471,59357,58716,59215,60161,60330,60667,60845,63074,59689,58267,59169
"Ylöjärvi",52105,53483,55248,57440,59153,60737,59922,60707,62142,64494,68412,68029,71547,69467,69318,70698,71626,70158,70193,69856,71300,72521,73271,74438,74813,75808,78441,75508,72680,73670
"Ypäjä",43527,42822,45155,45479,46481,47609,49041,48265,50014,51214,52021,53479,55075,53333,53355,54870,55825,57506,55259,55195,55084,55360,55841,57447,58133,57330,59777,55943,55106,55502
"Ähtäri",46312,45271,46238,46698,47663,48111,48046,48887,49923,52463,52756,54133,54363,52992,52836,54510,53339,53087,53372,53486,53987,54269,54696,55448,55733,56091,57791,55228,52428,54164
"Äänekoski",46593,47217,48065,49344,49649,50071,49763,50320,51131,52195,52606,54064,54829,54750,54313,54937,54668,54347,54419,54563,55336,56425,56874,56318,55869,56137,56873,54956,53481,54808
"MK01 Uusimaa",54432,55588,57804,60623,65437,68485,65615,65587,66282,69088,70214,72014,75049,73306,72507,74461,74661,73520,74790,74191,76020,76074,77028,77949,78274,77928,80823,76929,73722,74815
"MK02 Southwest Finland",46435,47374,48538,49863,51793,52457,51737,52599,53531,55508,56583,58852,59573,59343,59032,60241,60357,59786,59556,59962,60701,61201,61689,62730,62797,62540,64473,61609,59438,60820
"MK04 Satakunta",45966,46301,47535,48420,48854,48970,49185,49944,51209,53035,53837,54693,56722,56414,56309,57509,57515,57228,57273,57291,57611,57871,58300,58835,59243,59199,60533,58790,56674,57298
"MK05 Kanta-Häme",46077,46523,47657,48665,50384,50450,50707,51776,52918,54847,56282,57613,59310,58674,58636,59936,60051,60031,60259,60490,60520,60919,61368,61479,62694,61735,62919,60392,59250,59886
"MK06 Pirkanmaa",46184,47040,48301,50113,51433,52067,52255,52364,53441,55338,56998,58108,60118,59295,58565,59763,60282,59715,59805,60082,60629,60909,61196,62339,62359,62365,64276,61529,59683,60835
"MK07 Päijät-Häme",44687,44624,46097,46820,47901,48424,48175,48970,50095,51796,52964,53956,55829,55322,54743,56121,56863,55812,56219,56015,56453,56743,57169,57509,58628,58077,59564,57125,55484,56653
"MK08 Kymenlaakso",47623,48131,48943,49571,50113,50103,50591,51107,52223,54250,54563,55824,56689,56132,55558,56604,56224,55816,55968,56010,56427,56467,56656,57322,57824,57959,58658,56172,54842,56118
"MK09 South Karelia",46804,47152,47935,48638,49060,49288,49188,49561,50467,51849,52190,53519,55041,54576,54368,55790,55757,55517,55785,56014,56247,56007,56067,56335,56652,56894,57696,55354,53789,54803
"MK10 South Savo",43832,43831,44887,45255,45718,45757,45807,46521,47441,49148,50033,50772,53052,51977,51630,53405,53180,52709,53117,53347,53383,53745,53817,54594,54746,54535,55896,53923,53091,54038
"MK11 North Savo",44732,45134,46150,46696,47151,47616,47371,48100,49463,51337,51663,52672,54318,53969,53898,55259,55281,55053,55641,55823,55936,56679,56771,57828,57932,58008,59215,57236,55499,56474
"MK12 North Karelia",42740,42478,43193,43731,44382,44903,44667,45185,46342,48022,49033,49199,50721,50281,50154,51343,51643,51036,51678,52092,52238,52343,52381,53215,53290,53499,54597,52319,50979,52442
"MK13 Central Finland",45444,45896,47131,48345,48842,49197,49033,49730,50661,52583,52981,53778,55513,55201,55032,56538,56089,55554,55851,56583,56543,56982,57460,58139,57945,58208,59192,56515,54663,55860
"MK14 South Ostrobothnia",46312,46322,47544,48634,49519,50182,49866,52679,52208,54247,55237,56271,58234,58311,57651,59139,59430,58522,58820,58837,59103,59316,59453,60039,60649,60737,63129,59599,57823,59211
"MK15 Ostrobothnia",49273,50223,51163,52308,52846,54132,53861,55016,55756,57821,58747,60127,61709,62205,61904,63330,63863,63288,63975,65317,64047,64134,64039,65148,65302,65466,67990,64154,62376,63893
"MK16 Central Ostrobothnia",49095,49453,50240,50728,51599,52065,52239,53396,54595,56918,57480,60084,61681,60522,59630,61486,61488,60961,61645,62015,62025,61810,62310,62657,62990,63768,64996,62396,60601,61971
"MK17 North Ostrobothnia",48510,49363,50346,51428,52760,54677,53462,53720,54646,56796,57649,58458,59581,59250,58850,60105,59891,59605,59521,60146,61340,60770,61529,62396,62482,62916,64412,61413,59891,60585
"MK18 Kainuu",45222,45265,45588,46220,46266,46418,46139,46424,47907,49264,49589,50292,52187,52293,52027,53064,53616,52657,53088,53284,53563,53982,54363,55535,56237,56179,57058,54835,54201,54764
"MK19 Lapland",47152,47430,47564,47722,48411,48017,47999,48804,50070,51755,52153,52938,53949,53712,53827,55143,55723,55552,55943,56070,56743,56933,57298,58014,58675,58899,59474,57766,56641,58056
"MK21 Ĺland",55334,56025,59129,61403,66365,67897,66525,67789,68724,73282,75757,73409,74687,71665,72273,74520,73909,72408,73284,73196,75558,74615,74466,73946,76201,74582,78165,73750,71680,75425
"HVA01 East Uusimaa wellbeing services county",52213,52971,55125,57048,59356,61093,61142,62248,63922,67034,68653,70502,73018,74158,69969,71812,71880,71063,72012,72055,73352,72852,73774,74470,75018,74467,77118,72919,71464,73279
"HVA02 Central Uusimaa wellbeing services county",54478,55412,57404,59559,62175,63747,63998,64439,65578,68508,70068,71594,75190,73479,73233,74967,74982,74439,74447,74575,75266,75057,75467,75711,76402,75821,77636,73993,71633,72440
"HVA03 West Uusimaa wellbeing services county",61039,62572,65327,69054,76689,81913,75888,75280,75487,78545,80112,82536,86660,83748,82484,84635,84850,83050,85320,83566,86048,85911,86571,87045,87230,87033,90274,85440,81526,82819
"HVA04 Vantaa and Kerava wellbeing services county",55229,56330,57759,59811,62625,63586,62639,62804,63317,65272,66276,67808,69473,68757,68979,70112,70010,69533,69443,68985,69631,69581,69884,69719,69754,68753,69798,66368,64302,64853
"HVA05 Southwest Finland wellbeing services county",46435,47374,48538,49863,51793,52457,51737,52599,53531,55508,56583,58852,59573,59343,59032,60241,60357,59786,59556,59962,60701,61201,61689,62730,62797,62540,64473,61609,59438,60820
"HVA06 Satakunta wellbeing services county",45966,46301,47535,48420,48854,48970,49185,49944,51209,53035,53837,54693,56722,56414,56309,57509,57515,57228,57273,57291,57611,57871,58300,58835,59243,59199,60533,58790,56674,57298
"HVA07 Kanta-Häme wellbeing services county",46077,46523,47657,48665,50384,50450,50707,51776,52918,54847,56282,57613,59310,58674,58636,59936,60051,60031,60259,60490,60520,60919,61368,61479,62694,61735,62919,60392,59250,59886
"HVA08 Pirkanmaa wellbeing services county",46184,47040,48301,50113,51433,52067,52255,52364,53441,55338,56998,58108,60118,59295,58565,59763,60282,59715,59805,60082,60629,60909,61196,62339,62359,62365,64276,61529,59683,60835
"HVA09 Päijät-Häme wellbeing services county",44687,44624,46097,46820,47900,48424,48175,48970,50095,51796,52964,53956,55829,55322,54743,56121,56863,55812,56219,56015,56453,56743,57169,57509,58628,58077,59564,57125,55484,56653
"HVA10 Kymenlaakso wellbeing services county",47623,48131,48943,49571,50113,50103,50591,51107,52223,54250,54563,55824,56689,56132,55558,56604,56224,55816,55968,56010,56427,56467,56656,57322,57824,57959,58658,56172,54842,56118
"HVA11 South Karelia wellbeing services county",46804,47152,47935,48638,49060,49288,49188,49561,50467,51849,52190,53519,55041,54576,54368,55790,55757,55517,55785,56014,56247,56007,56067,56335,56652,56894,57696,55354,53789,54803
"HVA12 South Savo wellbeing services county",43832,43831,44887,45255,45718,45757,45807,46521,47441,49148,50033,50772,53052,51977,51630,53405,53180,52709,53117,53347,53383,53745,53817,54594,54746,54535,55896,53923,53091,54038
"HVA13 North Savo wellbeing services county",44732,45134,46150,46696,47151,47616,47371,48100,49463,51337,51663,52672,54318,53969,53898,55259,55281,55053,55641,55823,55936,56679,56771,57828,57932,58008,59215,57236,55499,56474
"HVA14 North Karelia wellbeing services county",42740,42478,43193,43731,44382,44903,44667,45185,46342,48022,49033,49199,50721,50281,50154,51343,51643,51036,51678,52092,52238,52343,52381,53215,53290,53499,54597,52319,50979,52442
"HVA15 Central Finland wellbeing services county",45444,45896,47131,48345,48842,49197,49033,49730,50661,52583,52981,53778,55513,55201,55032,56538,56089,55554,55851,56583,56543,56982,57460,58139,57945,58208,59192,56515,54663,55860
"HVA16 South Ostrobothnia wellbeing services county",46312,46322,47544,48634,49519,50182,49866,52679,52208,54247,55237,56271,58234,58311,57651,59139,59430,58522,58820,58837,59103,59316,59453,60039,60649,60737,63129,59599,57823,59211
"HVA17 Ostrobothnia wellbeing services county",49273,50223,51163,52308,52846,54132,53861,55016,55756,57821,58747,60127,61709,62205,61904,63330,63863,63288,63975,65317,64047,64134,64039,65148,65302,65466,67990,64154,62376,63893
"HVA18 Central Ostrobothnia wellbeing services county",49095,49453,50240,50728,51599,52065,52239,53396,54595,56918,57480,60084,61681,60522,59630,61486,61488,60961,61645,62015,62025,61810,62310,62657,62990,63768,64996,62396,60601,61971
"HVA19 North Ostrobothnia wellbeing services county",48510,49363,50346,51428,52760,54677,53462,53720,54646,56796,57649,58458,59581,59250,58850,60105,59891,59605,59521,60146,61340,60770,61529,62396,62482,62916,64412,61413,59891,60585
"HVA20 Kainuu wellbeing services county",45222,45265,45588,46220,46266,46418,46139,46424,47907,49264,49589,50292,52187,52293,52027,53064,53616,52657,53088,53284,53563,53982,54363,55535,56237,56179,57058,54835,54201,54764
"HVA21 Lapland wellbeing services county",47152,47430,47564,47722,48411,48017,47999,48804,50070,51755,52153,52938,53949,53712,53827,55143,55723,55552,55943,56070,56743,56933,57298,58014,58675,58899,59474,57766,56641,58056
"HVA90 City of Helsinki",50875,51919,54126,56952,61659,64670,61770,61663,62414,65226,65897,67448,70193,68380,67824,69990,70337,69156,70676,70450,72687,73056,74586,76427,76836,76755,80436,76900,73207,74342
"HVA91 Ĺland",55334,56025,59129,61403,66365,67897,66525,67789,68724,73282,75757,73409,74687,71665,72273,74520,73909,72408,73284,73196,75558,74615,74466,73946,76201,74582,78165,73750,71680,75425
"SK011 Helsinki",54868,56068,58325,61262,66301,69510,66395,66314,66929,69779,70850,72672,75815,73998,73153,75110,75349,74183,75516,74808,76707,76795,77754,78683,78978,78626,81540,77620,74271,75303
"SK014 Raasepori",48636,49588,50813,52177,54887,56106,54615,55745,57371,59238,60618,61827,63547,62950,61680,63531,63059,61781,61738,62824,63058,62842,63318,63883,64539,64367,67004,63456,61889,63437
"SK015 Porvoo",52289,52777,55076,56360,58641,59856,60795,60683,62216,65151,67242,69054,70864,69528,69692,71795,71264,70365,71096,71810,73066,72323,73158,73664,74197,73597,76171,72225,70773,72900
"SK016 Loviisa",45112,45262,46416,48202,48860,49406,49573,50387,52023,53236,54518,55820,57433,57093,57704,58933,59429,59064,59379,59065,60105,59412,60130,61309,61735,61284,63535,60440,59826,61666
"SK021 Ĺboland-Turunmaa",46713,47839,49031,50109,52418,52264,52553,53925,55440,57848,59827,62983,62693,62687,61779,63593,63420,63483,63061,64187,65144,65140,65535,66900,67354,67474,70748,66624,65041,67407
"SK022 Salo",45955,46763,48512,51384,56637,58009,54167,54514,54044,56420,56848,58861,60108,59847,58208,59038,58654,58835,56424,56904,57686,57969,57352,58082,59177,59021,60666,58417,57004,57966
"SK023 Turku",46805,47873,48755,49898,51354,51943,51680,52592,53556,55787,56882,59487,59934,59694,59694,60898,61205,60253,60437,60794,61444,62040,62699,63855,63646,63282,65261,62335,59992,61479
"SK024 Vakka-Suomi",45299,46188,48054,48984,50038,50053,50051,50632,50606,52116,53067,53827,55721,55757,55613,57160,56924,56986,57514,57802,59565,59396,60644,60934,61211,60972,63044,59342,57318,57951
"SK025 Loimaa",45043,45004,46840,47495,48180,49373,48873,50144,53881,52935,54535,55008,56800,56313,55806,57047,56750,57321,56574,56909,57275,58063,58142,58923,59300,59562,60466,58548,56218,57216
"SK041 Rauma",48279,48884,50433,51657,52106,52124,52645,53324,54681,56649,57340,59063,61043,61100,61446,62484,62189,61448,61734,61355,61622,62033,63220,63959,64322,64682,66403,64458,61739,62312
"SK043 Pori",45236,45489,46531,47378,47745,47961,48019,48746,49979,51749,52569,53116,55074,54728,54472,55664,55905,55843,55737,55885,56161,56498,56565,56970,57431,57158,58338,56698,54685,55460
"SK044 Pohjois-Satakunta",43181,43155,44644,44650,45459,45232,45444,46603,47821,49554,50565,50648,53400,52204,51659,53505,52846,52471,52702,53119,53968,53118,53416,54182,54290,54476,55491,53745,52984,52709
"SK051 Hämeenlinna",46653,47075,48151,49216,50729,50634,51040,51850,53217,55154,56586,58526,60032,59260,59471,60784,60824,60658,61273,61449,61493,61839,62534,62381,62729,62593,63658,61347,60200,61206
"SK052 Riihimäki",46757,47274,48444,49687,51509,52331,52217,53737,54770,56942,58695,59218,61508,60924,61007,62272,62507,62440,62464,62762,62512,63101,63055,63533,67177,63586,64993,62117,60982,60907
"SK053 Forssa",43940,44340,45564,46155,48231,47806,48107,49286,49965,51589,52627,53331,54769,54363,53486,54775,54905,55313,54708,54958,55278,55572,55971,56308,56711,56875,58039,55335,54179,54673
"SK061 Luoteis-Pirkanmaa",44075,44089,45520,46486,47561,47365,46869,47949,48872,50891,51949,51543,53468,54420,52621,54338,53820,53440,53712,53812,53689,53807,54199,54887,55334,55086,56175,55070,52884,53527
"SK063 Etelä-Pirkanmaa",46687,47259,48192,49520,50259,50517,51056,51858,52701,54564,55608,56573,58236,57542,57080,57687,58148,58259,58451,59148,59163,59708,59487,60166,60621,60564,61916,59957,58639,60218
"SK064 Tampere",46583,47685,48964,51038,52488,53252,53522,53321,54433,56375,58115,59349,61383,60573,59794,61009,61662,60923,60915,61141,61825,62071,62357,63505,63503,63438,65522,62431,60577,61685
"SK068 Lounais-Pirkanmaa",43461,43357,44619,45422,47060,47540,47001,48333,49594,51105,52665,54644,55476,54138,54175,55479,55445,55957,56033,56128,56213,56347,56914,57565,57830,58600,59118,57248,56032,57527
"SK069 Ylä-Pirkanmaa",45059,45007,46341,47290,47621,47717,47267,48000,48725,50241,52017,51506,54728,52731,51919,53160,52831,52105,53053,53467,53402,53669,53991,56200,54792,54997,56451,56155,52568,53378
"SK071 Lahti",44687,44624,46097,46820,47901,48424,48175,48970,50095,51796,52964,53956,55829,55322,54743,56121,56863,55812,56219,56015,56453,56743,57169,57509,58628,58077,59564,57125,55484,56653
"SK081 Kouvola",48198,48416,49389,50257,50963,50893,51352,51934,52726,55009,54992,55959,56782,56106,56013,56864,56497,56181,56266,56518,56770,56734,57074,57528,57952,57850,58682,56019,54815,55983
"SK082 Kotka-Hamina",47033,47839,48487,48872,49249,49300,49816,50266,51713,53485,54132,55688,56595,56158,55100,56342,55950,55448,55670,55501,56082,56199,56238,57115,57695,58069,58634,56325,54869,56251
"SK091 Lappeenranta",47152,47303,48095,48624,49200,49014,49041,49599,50343,52169,52653,54091,55749,55280,54952,56402,56396,56345,56587,56684,56852,56757,56949,57071,57364,57817,58592,56261,54506,55687
"SK093 Imatra",46217,46895,47658,48663,48810,49785,49459,49491,50699,51248,51312,52429,53681,53210,53228,54583,54488,53865,54172,54652,55007,54456,54222,54774,55119,54870,55709,53313,52148,52762
"SK101 Mikkeli",43624,43608,44934,45579,45953,46274,46203,47067,48065,50006,50875,51411,53694,52878,52565,54012,54009,53985,54497,54685,54823,55316,55420,56297,56346,56198,57769,55808,54993,55814
"SK103 Savonlinna",44224,44116,44744,44842,45365,45004,45348,45693,46663,48167,49135,50163,52753,51092,50665,53087,52628,51501,51762,52105,51986,52140,51975,52989,53186,52881,54059,51857,51176,52404
"SK105 Pieksämäki",43713,43926,45004,45108,45696,45659,45528,46469,47093,48518,49299,50086,51825,51031,50710,52280,51828,51230,51581,51713,51690,52010,52363,52396,52759,52520,53589,51930,50775,51605
"SK111 Ylä-Savo",43180,43409,44138,44707,45537,45604,45267,46222,47368,49560,49358,50200,52516,52036,50879,52442,52882,52338,53027,53133,53002,53511,54006,55690,55414,54941,56347,55070,52893,53852
"SK112 Kuopio",46208,46765,47819,48451,48806,49499,48948,49756,51181,53275,53846,55167,56188,56185,56659,58013,57943,58008,58517,58690,58682,59673,59504,60258,60515,60709,61636,59355,57761,58677
"SK113 Koillis-Savo",39451,39208,40066,40602,40569,40283,40427,40955,41707,42516,43720,44482,45738,45123,45282,45839,46569,45827,46619,46774,46778,47139,46973,48894,48819,48815,49830,48171,47782,48899
"SK114 Varkaus",45402,46079,47220,47745,48026,48649,49348,49051,50904,52040,51799,52339,54885,53669,53335,53957,53661,53012,53331,53501,54226,54435,54906,55497,55647,55876,57729,55588,53460,54209
"SK115 Sisä-Savo",40835,40325,41694,41385,41776,41690,41373,43212,43754,45134,46142,46374,48434,47855,47548,50357,49710,49065,50116,50261,50467,50859,50717,52460,51958,51949,53270,51529,49755,51610
"SK122 Joensuu",43244,42977,43741,44398,45225,45734,45578,46124,47365,49252,50430,50465,51970,51629,51486,52761,53104,52427,53041,53269,53519,53613,53567,54324,54443,54638,55915,53493,52027,53516
"SK124 Keski-Karjala",42077,42038,42790,43352,43505,44269,43710,44143,45181,46283,47086,47829,49474,48469,47924,49244,49628,48679,49408,50753,49898,50281,50720,51105,51232,51121,51622,49917,48586,49935
"SK125 Pielisen Karjala",41155,40719,41166,41148,41385,41736,41351,41750,42554,43662,43954,44206,45620,45065,45293,45926,45802,45722,46350,46896,47111,46960,47014,48481,48125,48569,48941,46972,46283,47562
"SK131 Jyväskylä",46038,46573,47657,49101,49517,49875,49683,50420,51339,53074,53929,54792,56600,56380,56505,57937,57522,56980,57258,58273,58013,58339,58965,59657,59340,59811,60769,57867,55656,57025
"SK132 Joutsa",39598,38718,40627,41081,41613,41729,41503,42783,44093,45099,46122,46532,48567,48248,47999,48857,49324,48830,50141,49615,49335,50122,51047,52168,51565,51730,53707,51734,50279,51226
"SK133 Keuruu",43478,44002,45376,46141,46690,47051,46404,47361,48276,50300,50142,50359,52489,51902,51777,53866,52685,52113,52543,52942,53188,54000,53975,54015,55032,54513,55235,52546,53461,51950
"SK134 Jämsä",48304,48810,50170,51158,51684,51990,52621,52962,53773,55454,55381,56757,58277,57132,56050,56938,56765,56390,56633,56814,57088,57209,57208,58307,58466,57517,58312,55555,54333,55007
"SK135 Äänekoski",46284,46775,47795,49036,49347,49911,49526,50052,50843,52080,52504,53685,54738,54491,53924,55747,54905,54306,54322,54447,55221,56212,56538,56097,55869,55980,56828,54804,53391,54770
"SK138 Saarijärvi-Viitasaari",42284,42508,44186,44800,45643,45836,45504,46106,47117,50696,49217,49269,50953,50743,49843,51783,51199,50511,50799,50991,51157,51682,51609,52660,52403,52413,53563,51598,50131,51383
"SK141 Suupohja",42525,42173,43634,44685,45108,46064,46183,47355,48919,50579,51480,52674,54778,55430,54197,55009,54868,54525,54435,54210,54138,55356,55330,55622,56237,56441,65189,55730,54518,54488
"SK142 Seinäjoki",47605,47622,48658,49789,50804,51155,51041,54879,53405,55422,56471,57564,59518,59734,59097,60849,60896,60199,60485,60410,60720,60799,60823,61346,62016,62029,63799,60786,59009,60559
"SK144 Kuusiokunnat",45133,44693,45926,47083,47585,48247,47940,48980,49796,52065,52840,53465,54852,54082,53925,55004,54785,54052,54625,54886,55206,55444,55872,56830,57297,58115,58702,56705,54604,56612
"SK146 Järviseutu",45038,45876,47761,48553,49602,51593,49579,50258,51726,54026,54920,55827,58226,57583,56827,57840,60617,57343,57741,58246,58475,58223,58858,59656,59868,59415,60693,58630,56408,57490
"SK152 Vaasa",48952,49814,50705,51793,52266,53640,53140,53936,54631,56568,57909,59016,60951,61588,61820,62918,63710,62879,63327,65423,63338,63353,63137,63832,64292,63963,65972,62919,61006,62718
"SK153 Sydösterbotten",47253,48208,48477,50187,50854,51457,50833,52047,53158,55774,56413,57735,59709,58663,57747,59092,58927,58596,59336,59834,59521,60189,60741,62370,62178,62873,64171,61803,60443,61314
"SK154 Jakobstadsregionen",50933,52095,53458,54479,55121,56494,56923,58932,59611,61742,61765,63825,64384,65179,63820,66080,66252,66217,67464,67234,67628,67663,67618,69586,69093,70313,74621,68226,66629,67908
"SK161 Kaustinen",48026,48527,49172,49912,50612,52031,52342,53630,54698,57349,57356,60560,60074,59184,58909,60949,59936,59294,60635,60918,60490,59992,59906,60700,60743,60402,61721,58781,57874,59005
"SK162 Kokkola",49444,49754,50583,50988,51911,52075,52207,53325,54564,56787,57517,59942,62158,60917,59840,61642,61934,61437,61931,62323,62453,62315,62971,63186,63590,64658,65855,63336,61299,62729
"SK171 Oulu",49788,50987,52233,53760,55651,58507,55394,56193,56824,59051,60158,60835,61778,61363,61349,62346,61948,61777,61511,61933,63576,62872,63454,64168,64234,64872,66325,62808,61372,61999
"SK173 Oulunkaari",43725,43696,44154,44728,44944,45388,45750,46591,47750,48865,49783,50244,51965,52681,51951,53200,53098,53265,53354,53908,54227,54608,55305,55970,56749,57496,58339,55878,54681,55315
"SK174 Raahe",51051,52608,53350,53568,54086,54407,54239,54507,55477,56582,57879,59409,60693,59592,58479,60279,59991,59184,59207,60374,63144,60535,62043,64328,61642,62007,62980,60714,59045,59996
"SK175 Haapavesi-Siikalatva",45945,45734,46813,47297,47418,47629,48061,48927,50454,51817,52995,53527,54745,54555,53240,54711,54382,53526,54264,55132,54582,54760,55145,56185,56936,56732,58685,56713,54772,56454
"SK176 Nivala-Haapajärvi",45410,45434,46458,47192,47615,48206,48542,48959,50131,52144,52766,53427,55459,54648,53790,55379,55147,55121,55324,55843,55611,55726,56802,57962,57842,58599,59764,57477,55623,57073
"SK177 Ylivieska",46560,47271,48120,48975,50157,52041,55618,52029,53550,57176,56078,56958,57944,58123,56900,59003,59611,58732,58941,60305,60043,59978,61173,61459,62956,61957,64195,62346,59637,60467
"SK178 Koillismaa",49348,49101,48549,48546,49312,49083,49202,49761,50855,52623,53399,54626,55305,55166,54707,55215,55140,54695,54460,54781,54733,55043,55320,56156,56644,56595,58363,56091,56092,55123
"SK181 Kehys-Kainuu",42947,42350,42790,43055,43046,43347,42998,43349,44668,46097,46313,46547,48227,47728,47778,48923,49185,48561,48945,49366,49055,49544,49550,51049,51172,50921,51423,49693,48689,48897
"SK182 Kajaani",46428,46811,47055,47851,47907,47975,47708,47949,49501,50810,51170,52079,54058,54427,53994,54960,55612,54493,54946,55019,55542,55902,56422,57429,58362,58363,59380,56932,56408,57103
"SK191 Rovaniemi",47289,47521,47484,47898,48654,47991,47932,48716,50373,51907,52872,53355,54354,54171,54605,55622,56159,55940,56357,56585,57217,57243,57443,58331,58760,58670,59243,57760,56624,58471
"SK192 Kemi-Tornio",48497,49079,49119,49147,49646,49586,49915,51163,52096,54128,53839,55004,55325,55208,54858,56859,57036,57096,57054,57217,57870,57964,58408,58836,59718,60188,60895,58839,57534,58087
"SK193 Torniolaakso",43877,44225,45152,45315,45526,46437,45400,46699,47965,49347,49850,50143,54364,51416,50733,52092,55326,52317,53333,53799,53449,54541,54188,54765,55140,55990,57742,55479,53860,54894
"SK194 Itä-Lappi",45772,45746,46309,46031,48047,46357,45764,45659,46482,47287,47582,48296,49663,49446,48886,49516,49865,49371,50147,50363,50293,50444,50416,51003,51851,52182,52875,50671,49675,50970
"SK196 Tunturi-Lappi",44567,44538,45116,45392,45529,45379,45415,46180,47417,49692,50523,51540,52901,53103,54254,55577,55862,56456,57249,56936,57662,58519,59855,60960,61432,62005,61739,61196,60106,62251
"SK197 Pohjois-Lappi",47656,47586,47234,47401,47471,47542,47614,47828,49369,51073,51465,52032,53100,53218,54083,54795,56021,56263,56911,56546,58647,58858,59482,60279,61147,61128,61220,59470,59040,61097
"SK211 Mariehamns stad",56749,56137,60172,62608,67480,69852,69119,70132,70132,74323,77542,72970,75856,71382,72249,74095,74193,72185,72546,72406,76423,73847,72982,71805,73051,71364,75824,71057,69263,73671
"SK212 Ĺlands landsbygd",54723,57088,59544,61768,66781,67620,65598,67215,68969,73596,75471,72127,74293,72777,72874,75317,74395,73571,74780,74237,75674,75960,76696,76638,79822,77914,80690,76477,74201,77334
"SK213 Ĺlands skärgĺrd",51520,50546,52277,53971,59019,59816,58484,59318,60575,66322,68081,82619,70755,66821,68897,72145,69364,66437,68073,71127,69852,70303,68504,68713,70369,70958,74565,70753,68347,72389
